Timestamp,Inverter_Status,AC_Power,AC_Current,AC_Voltage,AC_Frequency,DC_Current,DC_Voltage
2023-11-14 08:23:00,4.0,414.17,2.02,206.33,59.96,1.04,432.27
2023-11-14 08:24:00,4.0,460.17,2.24,206.33,59.96,1.2,420.05
2023-11-14 08:25:00,4.0,480.0,2.34,206.6,59.96,1.26,420.3
2023-11-14 08:26:00,4.0,504.6,2.45,206.4,59.99,1.3,416.62
2023-11-14 08:27:00,4.0,543.33,2.65,206.3,60.02,1.4,419.98
2023-11-14 08:28:00,4.0,559.0,2.72,206.07,60.01,1.44,417.3
2023-11-14 08:29:00,4.0,561.83,2.73,206.23,60.01,1.46,417.12
2023-11-14 08:30:00,4.0,584.17,2.84,206.35,60.02,1.52,416.48
2023-11-14 08:31:00,4.0,613.83,2.98,206.37,60.02,1.56,422.95
2023-11-14 08:32:00,4.0,684.17,3.32,206.45,60.01,1.7,428.07
2023-11-14 08:33:00,4.0,689.67,3.35,206.47,60.02,1.7,430.03
2023-11-14 08:34:00,4.0,692.17,3.36,206.42,60.0,1.72,426.73
2023-11-14 08:35:00,4.0,735.0,3.59,206.2,60.0,1.84,425.1
2023-11-14 08:36:00,4.0,822.0,3.99,206.54,60.02,2.04,426.16
2023-11-14 08:37:00,4.0,861.83,4.18,206.67,60.02,2.12,426.23
2023-11-14 08:38:00,4.0,863.17,4.19,206.67,60.02,2.14,425.73
2023-11-14 08:39:00,4.0,978.0,4.74,206.75,60.02,2.42,425.33
2023-11-14 08:40:00,4.0,1073.33,5.19,207.07,60.01,2.66,425.53
2023-11-14 08:41:00,4.0,1151.17,5.57,206.83,60.03,2.84,424.52
2023-11-14 08:42:00,4.0,1167.0,5.64,207.0,60.03,2.86,426.23
2023-11-14 08:43:00,4.0,1168.33,5.66,206.95,60.02,2.8,436.43
2023-11-14 08:44:00,4.0,1351.5,6.53,207.08,60.03,3.16,446.35
2023-11-14 08:45:00,4.0,1423.5,6.87,207.27,60.03,3.32,445.73
2023-11-14 08:46:00,4.0,1368.0,6.61,207.08,60.02,3.2,446.23
2023-11-14 08:47:00,4.0,1085.0,5.26,206.82,60.02,2.56,441.62
2023-11-14 08:48:00,4.0,1480.5,7.15,207.18,60.0,3.48,444.57
2023-11-14 08:49:00,4.0,1571.5,7.59,207.25,60.01,3.68,442.87
2023-11-14 08:50:00,4.0,1620.17,7.82,207.33,60.02,3.8,441.92
2023-11-14 08:51:00,4.0,1667.0,8.04,207.53,60.02,3.88,444.17
2023-11-14 08:52:00,4.0,1635.33,7.89,207.43,60.0,3.78,448.28
2023-11-14 08:53:00,4.0,1760.83,8.49,207.48,60.0,4.1,446.5
2023-11-14 08:54:00,4.0,1865.5,8.99,207.55,60.0,4.34,446.35
2023-11-14 08:55:00,4.0,1918.83,9.25,207.67,60.0,4.46,445.45
2023-11-14 08:56:00,4.0,1962.17,9.45,207.8,60.02,4.6,443.52
2023-11-14 08:57:00,4.0,2006.67,9.66,207.77,59.99,4.72,440.78
2023-11-14 08:58:00,4.0,2043.33,9.83,207.98,59.99,4.8,438.92
2023-11-14 08:59:00,4.0,2074.67,9.99,207.93,60.0,4.88,440.38
2023-11-14 09:00:00,4.0,2085.0,10.02,208.1,60.02,9.84,567.58
2023-11-14 09:01:00,4.0,1929.6,9.29,207.96,60.03,9.16,567.632
2023-11-14 09:02:00,4.0,1973.5,9.49,208.0,60.02,9.32,570.024
2023-11-14 09:03:00,4.0,2124.0,10.2,208.38,60.03,10.04,568.594
2023-11-14 09:04:00,4.0,2108.5,10.14,208.22,60.03,9.92,570.6610000000001
2023-11-14 09:05:00,4.0,2159.17,10.36,208.43,60.02,10.16,570.505
2023-11-14 09:06:00,4.0,2205.0,10.59,208.32,60.02,10.4,568.88
2023-11-14 09:07:00,4.0,2241.67,10.76,208.27,60.01,10.64,567.541
2023-11-14 09:08:00,4.0,2231.0,10.71,208.23,60.02,10.56,567.775
2023-11-14 09:09:00,4.0,2280.0,10.96,208.18,60.02,10.8,566.046
2023-11-14 09:10:00,4.0,2293.0,11.02,208.15,60.03,10.88,566.241
2023-11-14 09:11:00,4.0,2332.0,11.2,208.08,60.02,11.04,566.631
2023-11-14 09:12:00,4.0,2348.0,11.27,208.33,60.02,11.16,565.474
2023-11-14 09:13:00,4.0,2369.5,11.38,208.32,60.03,11.24,566.7090000000001
2023-11-14 09:14:00,4.0,2388.17,11.47,208.23,60.03,11.36,567.164
2023-11-14 09:15:00,4.0,2404.0,11.55,208.22,60.02,11.44,565.7990000000001
2023-11-14 09:16:00,4.0,2438.5,11.69,208.62,60.03,11.28,580.19
2023-11-14 09:17:00,4.0,2459.5,11.79,208.63,60.03,11.36,580.944
2023-11-14 09:18:00,4.0,2448.17,11.73,208.83,60.02,11.32,579.085
2023-11-14 09:19:00,4.0,2483.33,11.88,209.0,60.02,11.52,580.385
2023-11-14 09:20:00,4.0,2504.5,11.97,209.18,60.03,11.6,578.669
2023-11-14 09:21:00,4.0,2515.33,12.03,209.18,60.02,11.68,579.1110000000001
2023-11-14 09:22:00,4.0,2531.5,12.12,208.97,60.01,11.76,579.176
2023-11-14 09:23:00,4.0,2549.0,12.19,209.03,59.98,11.8,579.085
2023-11-14 09:24:00,4.0,2562.83,12.26,209.12,59.98,11.88,578.7860000000001
2023-11-14 09:25:00,4.0,2574.0,12.32,209.1,59.97,11.92,576.6800000000001
2023-11-14 09:26:00,4.0,2602.2,12.46,208.88,59.98,12.04,577.59
2023-11-14 09:27:00,4.0,2613.5,12.49,209.17,59.98,12.16,580.554
2023-11-14 09:28:00,4.0,2633.67,12.58,209.4,59.99,12.16,578.734
2023-11-14 09:29:00,4.0,2654.5,12.68,209.35,60.0,12.28,579.384
2023-11-14 09:30:00,4.0,2666.67,12.76,209.23,60.0,12.36,579.046
2023-11-14 09:31:00,4.0,2686.67,12.85,209.07,60.0,12.4,578.916
2023-11-14 09:32:00,4.0,2702.0,12.92,209.25,60.0,12.52,578.279
2023-11-14 09:33:00,4.0,2714.5,12.97,209.37,60.0,12.56,579.5400000000001
2023-11-14 09:34:00,4.0,2723.67,13.03,209.27,60.02,12.56,578.916
2023-11-14 09:35:00,4.0,2742.0,13.1,209.4,60.02,12.52,576.5500000000001
2023-11-14 09:36:00,4.0,2751.0,13.13,209.42,60.01,12.68,578.318
2023-11-14 09:37:00,4.0,2764.33,13.21,209.23,59.98,12.84,579.501
2023-11-14 09:38:00,4.0,2778.67,13.29,209.17,59.99,12.88,579.605
2023-11-14 09:39:00,4.0,2799.83,13.39,209.12,59.98,12.96,578.721
2023-11-14 09:40:00,4.0,2823.0,13.5,209.05,59.99,13.04,579.241
2023-11-14 09:41:00,4.0,2838.17,13.59,208.88,59.99,13.16,579.254
2023-11-14 09:42:00,4.0,2850.0,13.63,209.17,60.01,13.12,578.6949999999999
2023-11-14 09:43:00,4.0,2860.83,13.69,208.98,60.0,13.28,579.215
2023-11-14 09:44:00,4.0,2871.5,13.74,209.08,60.01,13.28,579.046
2023-11-14 09:45:00,4.0,2893.5,13.83,209.18,60.01,13.44,578.409
2023-11-14 09:46:00,4.0,2900.67,13.87,209.12,60.0,13.48,579.124
2023-11-14 09:47:00,4.0,2921.17,13.97,209.17,60.01,13.56,574.535
2023-11-14 09:48:00,4.0,2921.67,13.96,209.27,60.02,13.64,576.836
2023-11-14 09:49:00,4.0,2931.5,14.01,209.27,60.01,13.64,577.694
2023-11-14 09:50:00,4.0,2946.67,14.08,209.2,60.02,13.72,576.1990000000001
2023-11-14 09:51:00,4.0,2959.0,14.15,209.22,60.03,13.76,574.795
2023-11-14 09:52:00,4.0,2982.17,14.28,209.0,60.03,13.92,573.716
2023-11-14 09:53:00,4.0,2995.5,14.34,208.97,60.02,13.96,574.9639999999999
2023-11-14 09:54:00,4.0,3017.0,14.44,208.97,60.02,14.12,574.379
2023-11-14 09:55:00,4.0,3037.0,14.53,209.05,60.01,14.16,572.806
2023-11-14 09:56:00,4.0,3044.5,14.56,209.17,60.01,14.24,576.641
2023-11-14 09:57:00,4.0,3064.83,14.65,209.23,60.02,14.32,574.106
2023-11-14 09:58:00,4.0,3076.5,14.71,209.22,60.01,14.36,573.5600000000001
2023-11-14 09:59:00,4.0,3090.0,14.76,209.3,60.02,14.48,575.926
2023-11-14 10:00:00,4.0,3111.17,14.85,209.5,60.02,7.28,440.6
2023-11-14 10:01:00,4.0,3119.0,14.89,209.45,60.02,7.32,440.77
2023-11-14 10:02:00,4.0,3134.0,14.94,209.77,60.02,7.32,440.72
2023-11-14 10:03:00,4.0,3146.5,15.01,209.73,60.02,7.36,439.45
2023-11-14 10:04:00,4.0,3163.17,15.08,209.63,60.02,7.38,441.8
2023-11-14 10:05:00,4.0,3176.0,15.15,209.62,60.0,7.46,439.43
2023-11-14 10:06:00,4.0,3180.5,15.18,209.5,60.01,7.4,442.07
2023-11-14 10:07:00,4.0,3196.5,15.26,209.63,60.0,7.52,440.13
2023-11-14 10:08:00,4.0,3209.5,15.32,209.47,60.01,7.56,438.28
2023-11-14 10:09:00,4.0,3214.67,15.35,209.37,59.99,7.56,438.1
2023-11-14 10:10:00,4.0,3224.67,15.39,209.43,60.0,7.62,438.4
2023-11-14 10:11:00,4.0,3239.33,15.47,209.47,59.99,7.64,436.22
2023-11-14 10:12:00,4.0,3247.17,15.52,209.18,60.01,7.68,436.42
2023-11-14 10:13:00,4.0,3256.0,15.55,209.38,60.0,7.7,436.15
2023-11-14 10:14:00,4.0,3273.0,15.63,209.38,60.0,7.74,435.4
2023-11-14 10:15:00,4.0,3287.33,15.7,209.35,60.0,7.78,435.8
2023-11-14 10:16:00,4.0,3293.17,15.74,209.22,60.02,7.76,438.8
2023-11-14 10:17:00,4.0,3313.67,15.83,209.3,60.0,7.8,437.68
2023-11-14 10:18:00,4.0,3316.67,15.84,209.53,59.99,7.84,436.6
2023-11-14 10:19:00,4.0,3336.17,15.92,209.5,60.01,7.88,436.1
2023-11-14 10:20:00,4.0,3345.67,15.97,209.57,60.01,7.84,439.02
2023-11-14 10:21:00,4.0,3354.0,16.03,209.2,59.98,7.92,438.42
2023-11-14 10:22:00,4.0,3377.5,16.13,209.47,60.01,7.92,439.03
2023-11-14 10:23:00,4.0,3391.0,16.19,209.4,60.0,7.98,438.37
2023-11-14 10:24:00,4.0,3395.17,16.22,209.4,59.99,7.98,440.62
2023-11-14 10:25:00,4.0,3415.67,16.3,209.47,60.01,8.04,438.95
2023-11-14 10:26:00,4.0,3434.0,16.38,209.62,60.0,8.02,440.03
2023-11-14 10:27:00,4.0,3437.5,16.43,209.23,59.99,8.04,441.38
2023-11-14 10:28:00,4.0,3454.5,16.5,209.27,60.0,8.06,440.13
2023-11-14 10:29:00,4.0,3464.5,16.57,209.03,60.0,8.1,440.65
2023-11-14 10:30:00,4.0,3478.67,16.63,209.15,59.99,8.12,441.68
2023-11-14 10:31:00,4.0,3487.17,16.68,209.17,59.99,8.16,439.97
2023-11-14 10:32:00,4.0,3499.5,16.73,209.23,60.0,8.16,440.7
2023-11-14 10:33:00,4.0,3512.67,16.79,209.23,60.0,8.24,439.78
2023-11-14 10:34:00,4.0,3513.5,16.79,209.15,60.0,8.2,440.52
2023-11-14 10:35:00,4.0,3519.83,16.82,209.3,60.0,8.24,439.3
2023-11-14 10:36:00,4.0,3528.67,16.87,209.25,60.0,8.32,437.73
2023-11-14 10:37:00,4.0,3533.5,16.86,209.53,60.01,8.34,436.57
2023-11-14 10:38:00,4.0,3535.83,16.87,209.62,60.01,8.36,436.8
2023-11-14 10:39:00,4.0,3539.0,16.9,209.37,60.0,8.38,436.13
2023-11-14 10:40:00,4.0,3544.67,16.92,209.47,59.99,8.36,435.45
2023-11-14 10:41:00,4.0,3550.0,16.94,209.55,60.0,8.4,435.73
2023-11-14 10:42:00,4.0,3554.5,16.96,209.6,60.01,8.4,435.62
2023-11-14 10:43:00,4.0,3561.0,16.96,209.87,60.01,8.42,435.47
2023-11-14 10:44:00,4.0,3576.67,17.05,209.87,60.01,8.46,435.62
2023-11-14 10:45:00,4.0,3587.0,17.1,209.7,60.02,8.48,435.13
2023-11-14 10:46:00,4.0,3596.67,17.14,209.85,60.01,8.52,436.05
2023-11-14 10:47:00,4.0,3601.67,17.15,210.03,60.02,8.5,435.35
2023-11-14 10:48:00,4.0,3596.67,17.12,210.0,60.0,8.52,435.68
2023-11-14 10:49:00,4.0,3596.17,17.16,209.67,59.99,8.54,433.3
2023-11-14 10:50:00,4.0,3596.5,17.15,209.63,60.02,8.56,433.77
2023-11-14 10:51:00,4.0,3608.67,17.21,209.67,60.0,8.56,432.68
2023-11-14 10:52:00,4.0,3609.17,17.23,209.57,60.01,8.6,432.78
2023-11-14 10:53:00,4.0,3627.67,17.29,209.82,60.01,8.68,431.15
2023-11-14 10:54:00,4.0,3633.67,17.33,209.63,59.99,8.66,433.2
2023-11-14 10:55:00,4.0,3653.33,17.42,209.75,59.99,8.72,430.63
2023-11-14 10:56:00,4.0,3650.83,17.42,209.52,60.01,8.76,429.58
2023-11-14 10:57:00,4.0,3643.0,17.37,209.68,59.99,8.68,432.95
2023-11-14 10:58:00,4.0,3659.5,17.43,209.83,60.0,8.76,429.93
2023-11-14 10:59:00,4.0,3667.5,17.5,209.7,60.0,8.8,429.18
2023-11-14 11:00:00,4.0,3670.0,17.49,209.8,60.0,11.050000000000006,538.6250000000002
2023-11-14 11:01:00,4.0,3665.8,17.48,209.86,60.0,7.480000000000003,363.63000000000017
2023-11-14 11:02:00,4.0,3681.33,17.55,209.82,60.02,10.680000000000007,511.5600000000003
2023-11-14 11:03:00,4.0,3685.5,17.57,209.68,60.01,10.656000000000006,512.8440000000003
2023-11-14 11:04:00,4.0,3688.0,17.59,209.57,60.02,6.690000000000002,319.3275000000001
2023-11-14 11:05:00,4.0,3693.0,17.6,209.9,60.02,4.46,213.8
2023-11-14 11:06:00,4.0,3708.0,17.7,209.58,60.0,4.44,215.18
2023-11-14 11:07:00,4.0,3712.5,17.72,209.52,59.98,4.906000000000001,235.97750000000002
2023-11-14 11:08:00,4.0,3724.67,17.78,209.5,60.0,8.082000000000004,385.4520000000001
2023-11-14 11:09:00,4.0,3722.5,17.77,209.48,60.01,9.000000000000004,426.0500000000002
2023-11-14 11:10:00,4.0,3720.0,17.75,209.5,60.02,7.650000000000003,360.82500000000016
2023-11-14 11:11:00,4.0,3728.4,17.81,209.3,60.01,10.304000000000006,491.25700000000023
2023-11-14 11:12:00,4.0,3739.5,17.88,209.18,60.0,11.225000000000007,534.8125000000003
2023-11-14 11:13:00,4.0,3742.0,17.88,209.28,60.01,6.328000000000001,298.69000000000005
2023-11-14 11:14:00,4.0,3744.83,17.9,209.27,60.01,6.328000000000001,298.5710000000001
2023-11-14 11:15:00,4.0,3742.33,17.89,209.13,60.0,7.248000000000003,340.2960000000001
2023-11-14 11:16:00,4.0,3752.5,17.93,209.2,60.02,6.795000000000003,319.80000000000007
2023-11-14 11:17:00,4.0,3753.67,17.95,209.15,60.02,6.300000000000002,300.34900000000005
2023-11-14 11:18:00,4.0,3762.5,17.98,209.2,60.01,8.626000000000003,405.69750000000016
2023-11-14 11:19:00,4.0,3756.83,17.96,209.27,60.0,7.718000000000003,362.8650000000001
2023-11-14 11:20:00,4.0,3766.0,18.01,209.2,59.98,4.994000000000001,234.41000000000003
2023-11-14 11:21:00,4.0,3774.4,18.04,209.22,60.0,9.555000000000003,449.8830000000002
2023-11-14 11:22:00,4.0,3774.83,18.05,209.15,59.99,4.53,214.725
2023-11-14 11:23:00,4.0,3784.33,18.11,209.0,60.01,4.56,214.215
2023-11-14 11:24:00,4.0,3792.5,18.14,209.0,59.98,5.484000000000001,256.728
2023-11-14 11:25:00,4.0,3804.0,18.2,209.3,59.98,8.721000000000004,407.8350000000002
2023-11-14 11:26:00,4.0,3797.0,18.15,209.14,60.0,5.038,234.69600000000003
2023-11-14 11:27:00,4.0,3804.67,18.19,209.15,59.99,11.040000000000004,511.82400000000024
2023-11-14 11:28:00,4.0,3805.83,18.19,209.22,60.01,9.660000000000004,446.5125000000002
2023-11-14 11:29:00,4.0,3805.0,18.19,209.18,60.0,8.298000000000004,382.21200000000016
2023-11-14 11:30:00,4.0,3807.5,18.18,209.38,59.99,6.915000000000003,318.4650000000001
2023-11-14 11:31:00,4.0,3806.67,18.2,209.25,60.0,6.454000000000002,297.51400000000007
2023-11-14 11:32:00,4.0,3811.83,18.21,209.45,60.0,5.544000000000001,255.16800000000003
2023-11-14 11:33:00,4.0,3811.5,18.2,209.47,60.0,6.930000000000002,318.6975000000001
2023-11-14 11:34:00,4.0,3813.0,18.21,209.43,60.02,9.240000000000004,425.82000000000016
2023-11-14 11:35:00,4.0,3809.0,18.2,209.33,60.02,8.778000000000004,403.9875000000002
2023-11-14 11:36:00,4.0,3818.5,18.26,209.15,60.02,6.482000000000001,297.97600000000006
2023-11-14 11:37:00,4.0,3827.67,18.28,209.37,60.02,5.5200000000000005,257.02200000000005
2023-11-14 11:38:00,4.0,3833.83,18.3,209.52,59.99,5.556000000000001,256.09200000000004
2023-11-14 11:39:00,4.0,3839.67,18.32,209.62,60.02,6.482000000000001,298.93500000000006
2023-11-14 11:40:00,4.0,3844.67,18.35,209.57,60.02,11.184000000000006,511.68000000000023
2023-11-14 11:41:00,4.0,3843.17,18.32,209.68,60.02,10.695000000000006,489.47450000000026
2023-11-14 11:42:00,4.0,3847.5,18.34,209.75,60.0,11.575000000000006,534.7500000000003
2023-11-14 11:43:00,4.0,3855.0,18.39,209.63,60.0,5.580000000000001,256.33200000000005
2023-11-14 11:44:00,4.0,3850.83,18.38,209.55,60.0,6.019000000000001,277.8230000000001
2023-11-14 11:45:00,4.0,3845.0,18.36,209.4,59.99,5.082000000000001,235.63100000000003
2023-11-14 11:46:00,4.0,3846.0,18.36,209.42,60.02,10.672000000000004,491.8895000000003
2023-11-14 11:47:00,4.0,3842.0,18.35,209.33,60.02,6.960000000000002,319.2225000000001
2023-11-14 11:48:00,4.0,3834.5,18.31,209.38,60.02,7.888000000000003,362.1255000000001
2023-11-14 11:49:00,4.0,3826.5,18.28,209.35,60.01,10.164000000000005,468.60000000000025
2023-11-14 11:50:00,4.0,3827.17,18.27,209.35,60.0,6.496000000000001,298.07400000000007
2023-11-14 11:51:00,4.0,3818.0,18.22,209.55,60.0,9.723000000000004,446.7750000000002
2023-11-14 11:52:00,4.0,3813.5,18.2,209.57,60.02,5.071000000000001,234.19000000000003
2023-11-14 11:53:00,4.0,3815.17,18.21,209.57,60.01,9.702000000000005,446.0715000000002
2023-11-14 11:54:00,4.0,3807.83,18.17,209.65,60.0,10.718000000000005,485.93250000000023
2023-11-14 11:55:00,4.0,3807.83,18.16,209.65,60.01,10.142000000000005,466.4880000000002
2023-11-14 11:56:00,4.0,3800.0,18.16,209.4,60.02,6.496000000000001,295.6240000000001
2023-11-14 11:57:00,4.0,3816.5,18.22,209.5,60.0,6.975000000000002,317.5650000000001
2023-11-14 11:58:00,4.0,3807.83,18.17,209.57,60.01,10.695000000000006,485.50700000000023
2023-11-14 11:59:00,4.0,3804.17,18.16,209.48,59.98,11.625000000000007,526.9000000000002
2023-11-14 12:00:00,4.0,3801.17,18.14,209.47,60.01,9.32,421.4
2023-11-14 12:01:00,4.0,3781.67,18.06,209.42,60.01,9.26,421.67
2023-11-14 12:02:00,4.0,3789.17,18.08,209.62,59.99,9.32,419.93
2023-11-14 12:03:00,4.0,3789.0,18.07,209.57,60.0,9.3,419.37
2023-11-14 12:04:00,4.0,3805.5,18.16,209.62,60.01,9.32,421.5
2023-11-14 12:05:00,4.0,3811.5,18.2,209.5,60.01,9.28,422.65
2023-11-14 12:06:00,4.0,3822.5,18.25,209.53,59.99,9.3,422.23
2023-11-14 12:07:00,4.0,3828.17,18.27,209.57,59.99,9.28,426.28
2023-11-14 12:08:00,4.0,3835.0,18.3,209.5,60.01,9.28,425.55
2023-11-14 12:09:00,4.0,3835.33,18.31,209.47,60.01,9.3,425.58
2023-11-14 12:10:00,4.0,3827.67,18.28,209.42,60.01,9.28,425.8
2023-11-14 12:11:00,4.0,3825.0,18.26,209.43,60.0,9.28,425.18
2023-11-14 12:12:00,4.0,3825.67,18.26,209.43,60.01,9.26,425.7
2023-11-14 12:13:00,4.0,3821.67,18.24,209.55,60.01,9.28,425.65
2023-11-14 12:14:00,4.0,3819.0,18.24,209.33,60.01,9.24,424.9
2023-11-14 12:15:00,4.0,3825.67,18.27,209.38,60.0,9.26,425.67
2023-11-14 12:16:00,4.0,3822.0,18.26,209.35,60.02,9.24,425.2
2023-11-14 12:17:00,4.0,3821.5,18.24,209.42,60.02,9.24,425.28
2023-11-14 12:18:00,4.0,3822.0,18.26,209.38,60.03,9.26,425.75
2023-11-14 12:19:00,4.0,3825.17,18.28,209.23,60.02,9.26,425.48
2023-11-14 12:20:00,4.0,3821.33,18.26,209.3,60.02,9.26,425.6
2023-11-14 12:21:00,4.0,3809.83,18.21,209.15,59.99,9.22,425.42
2023-11-14 12:22:00,4.0,3804.33,18.19,209.22,59.97,9.22,425.03
2023-11-14 12:23:00,4.0,3798.0,18.17,209.1,59.96,9.22,425.62
2023-11-14 12:24:00,4.0,3792.0,18.12,209.3,59.97,9.18,425.57
2023-11-14 12:25:00,4.0,3778.17,18.04,209.37,59.98,9.14,425.47
2023-11-14 12:26:00,4.0,3763.17,17.99,209.28,59.98,9.2,423.35
2023-11-14 12:27:00,4.0,3755.5,17.94,209.3,59.98,9.16,422.55
2023-11-14 12:28:00,4.0,3753.17,17.93,209.22,59.99,9.14,423.88
2023-11-14 12:29:00,4.0,3759.5,17.97,209.3,60.01,9.14,424.95
2023-11-14 12:30:00,4.0,3768.0,17.99,209.5,60.0,8.98,424.1
2023-11-14 12:31:00,4.0,3735.6,17.86,209.32,60.01,9.1,424.68
2023-11-14 12:32:00,4.0,3734.67,17.84,209.33,59.98,9.08,425.15
2023-11-14 12:33:00,4.0,3737.67,17.82,209.65,60.0,9.08,424.27
2023-11-14 12:34:00,4.0,3738.33,17.82,209.73,60.0,9.06,424.17
2023-11-14 12:35:00,4.0,3734.33,17.8,209.78,60.01,9.04,424.5
2023-11-14 12:36:00,4.0,3726.33,17.78,209.65,60.01,9.06,424.3
2023-11-14 12:37:00,4.0,3713.5,17.71,209.75,60.01,9.02,424.67
2023-11-14 12:38:00,4.0,3707.17,17.7,209.55,59.97,9.0,425.1
2023-11-14 12:39:00,4.0,3704.0,17.66,209.67,59.97,9.0,424.35
2023-11-14 12:40:00,4.0,3692.2,17.63,209.46,59.98,8.96,423.88
2023-11-14 12:41:00,4.0,3685.5,17.59,209.53,60.0,8.94,424.3
2023-11-14 12:42:00,4.0,3671.0,17.51,209.65,60.02,8.94,423.08
2023-11-14 12:43:00,4.0,3676.0,17.54,209.52,60.02,8.92,423.73
2023-11-14 12:44:00,4.0,3667.83,17.5,209.55,60.03,8.94,424.23
2023-11-14 12:45:00,4.0,3667.0,17.51,209.5,60.02,8.88,421.9
2023-11-14 12:46:00,4.0,3664.8,17.5,209.56,60.01,8.86,426.06
2023-11-14 12:47:00,4.0,3654.67,17.44,209.52,60.01,8.84,425.5
2023-11-14 12:48:00,4.0,3644.0,17.4,209.43,60.01,8.84,423.98
2023-11-14 12:49:00,4.0,3652.5,17.44,209.37,60.01,8.86,425.05
2023-11-14 12:50:00,4.0,3663.0,17.49,209.4,60.0,8.86,423.0
2023-11-14 12:51:00,4.0,3657.4,17.48,209.2,59.98,8.88,424.96
2023-11-14 12:52:00,4.0,3647.17,17.43,209.22,60.0,8.86,425.1
2023-11-14 12:53:00,4.0,3629.17,17.35,209.18,60.01,8.78,424.98
2023-11-14 12:54:00,4.0,3624.0,17.33,209.15,60.01,8.78,425.08
2023-11-14 12:55:00,4.0,3614.67,17.3,208.88,59.99,8.72,425.33
2023-11-14 12:56:00,4.0,3597.83,17.22,208.92,60.0,8.74,425.22
2023-11-14 12:57:00,4.0,3597.0,17.22,208.87,59.98,8.74,424.5
2023-11-14 12:58:00,4.0,3596.5,17.22,208.92,59.99,8.76,424.53
2023-11-14 12:59:00,4.0,3585.5,17.16,208.9,59.98,8.7,423.95
2023-11-14 13:00:00,4.0,3575.67,17.11,208.92,60.0,10.84,391.5
2023-11-14 13:01:00,4.0,3562.83,17.06,208.83,59.98,10.76,393.77
2023-11-14 13:02:00,4.0,3541.83,16.95,208.93,59.99,10.84,393.18
2023-11-14 13:03:00,4.0,3540.17,16.96,208.83,60.0,10.84,392.43
2023-11-14 13:04:00,4.0,3527.0,16.87,209.02,60.01,10.82,392.6
2023-11-14 13:05:00,4.0,3526.33,16.87,209.1,60.0,10.8,394.28
2023-11-14 13:06:00,4.0,3530.5,16.89,209.0,59.98,10.76,395.17
2023-11-14 13:07:00,4.0,3539.0,16.92,209.17,60.0,10.84,391.75
2023-11-14 13:08:00,4.0,3541.17,16.92,209.28,60.0,10.84,391.3
2023-11-14 13:09:00,4.0,3528.0,16.87,209.22,59.99,10.84,391.85
2023-11-14 13:10:00,4.0,3527.5,16.87,209.07,59.98,10.86,389.0
2023-11-14 13:11:00,4.0,3517.5,16.82,209.03,60.01,10.84,390.17
2023-11-14 13:12:00,4.0,3504.67,16.74,209.25,60.01,10.8,392.2
2023-11-14 13:13:00,4.0,3498.33,16.72,209.22,59.97,10.8,390.67
2023-11-14 13:14:00,4.0,3490.5,16.66,209.35,59.99,10.78,393.28
2023-11-14 13:15:00,4.0,3484.17,16.69,208.78,60.02,10.82,391.58
2023-11-14 13:16:00,4.0,3476.33,16.66,208.57,60.02,10.78,391.57
2023-11-14 13:17:00,4.0,3470.83,16.63,208.65,60.01,10.74,392.93
2023-11-14 13:18:00,4.0,3458.0,16.59,208.47,60.02,10.76,391.65
2023-11-14 13:19:00,4.0,3449.5,16.55,208.43,60.01,10.78,395.28
2023-11-14 13:20:00,4.0,3443.0,16.52,208.37,60.02,10.78,395.43
2023-11-14 13:21:00,4.0,3434.5,16.5,208.23,59.99,10.78,395.27
2023-11-14 13:22:00,4.0,3422.67,16.43,208.33,59.96,10.76,394.55
2023-11-14 13:23:00,4.0,3418.0,16.4,208.4,59.97,10.72,397.88
2023-11-14 13:24:00,4.0,3405.5,16.36,208.23,59.97,10.68,396.07
2023-11-14 13:25:00,4.0,3393.83,16.3,208.23,59.98,10.6,395.0
2023-11-14 13:26:00,4.0,3378.67,16.24,208.02,59.97,10.64,396.18
2023-11-14 13:27:00,4.0,3368.0,16.18,208.22,59.97,10.72,393.12
2023-11-14 13:28:00,4.0,3362.33,16.17,208.03,59.98,10.72,391.6
2023-11-14 13:29:00,4.0,3361.33,16.15,208.13,59.99,10.66,392.73
2023-11-14 13:30:00,4.0,3354.17,16.12,208.13,59.98,10.6,394.2
2023-11-14 13:31:00,4.0,3339.67,16.07,207.93,59.99,10.68,389.42
2023-11-14 13:32:00,4.0,3315.5,15.93,208.18,59.97,10.66,388.63
2023-11-14 13:33:00,4.0,3317.67,15.94,208.13,59.97,10.66,389.73
2023-11-14 13:34:00,4.0,3308.5,15.89,208.18,59.97,10.62,390.2
2023-11-14 13:35:00,4.0,3308.0,15.89,208.2,59.97,10.62,389.1
2023-11-14 13:36:00,4.0,3292.6,15.8,208.38,59.96,10.62,390.65
2023-11-14 13:37:00,4.0,3279.17,15.74,208.4,59.97,10.62,388.7
2023-11-14 13:38:00,4.0,3270.33,15.69,208.48,59.98,10.56,390.08
2023-11-14 13:39:00,4.0,3247.0,15.58,208.42,59.98,10.6,387.75
2023-11-14 13:40:00,4.0,3249.5,15.6,208.43,59.99,10.52,389.5
2023-11-14 13:41:00,4.0,3236.0,15.53,208.38,59.98,10.56,391.12
2023-11-14 13:42:00,4.0,3224.33,15.46,208.58,59.97,10.56,389.72
2023-11-14 13:43:00,4.0,3211.83,15.41,208.5,59.96,10.48,392.58
2023-11-14 13:44:00,4.0,3200.0,15.37,208.28,59.97,10.42,394.35
2023-11-14 13:45:00,4.0,3186.0,15.29,208.4,59.96,10.4,394.5
2023-11-14 13:46:00,4.0,3185.4,15.28,208.44,59.97,10.4,393.98
2023-11-14 13:47:00,4.0,3177.5,15.26,208.18,59.97,10.5,394.47
2023-11-14 13:48:00,4.0,3149.67,15.14,208.08,59.97,10.42,394.68
2023-11-14 13:49:00,4.0,3137.17,15.07,208.12,59.98,10.4,394.55
2023-11-14 13:50:00,4.0,3120.0,15.0,208.1,60.0,10.32,394.13
2023-11-14 13:51:00,4.0,3107.17,14.94,208.05,59.98,10.32,394.85
2023-11-14 13:52:00,4.0,3089.17,14.84,208.2,59.98,10.28,394.32
2023-11-14 13:53:00,4.0,3079.33,14.78,208.35,59.98,10.36,394.9
2023-11-14 13:54:00,4.0,3067.5,14.72,208.35,59.97,10.34,398.33
2023-11-14 13:55:00,4.0,3039.0,14.62,208.2,59.97,10.34,397.74
2023-11-14 13:56:00,4.0,3042.6,14.62,208.22,59.96,10.3,399.2
2023-11-14 13:57:00,4.0,3029.5,14.56,208.1,59.96,10.3,398.38
2023-11-14 13:58:00,4.0,3017.33,14.49,208.32,60.0,10.26,398.8
2023-11-14 13:59:00,4.0,2987.5,14.36,208.15,60.0,10.14,399.75
2023-11-14 14:00:00,4.0,2979.0,14.31,208.1,60.0,7.12,430.4
2023-11-14 14:01:00,4.0,2959.2,14.23,208.0,59.97,7.14,426.96
2023-11-14 14:02:00,4.0,2946.83,14.16,208.15,59.97,7.1,428.07
2023-11-14 14:03:00,4.0,2942.67,14.15,208.07,59.97,7.08,429.5
2023-11-14 14:04:00,4.0,2937.0,14.11,208.17,59.97,7.0,432.4
2023-11-14 14:05:00,4.0,2924.0,14.03,208.3,59.97,6.94,432.43
2023-11-14 14:06:00,4.0,2910.5,13.97,208.32,59.97,6.9,433.37
2023-11-14 14:07:00,4.0,2896.17,13.9,208.28,59.97,6.92,434.27
2023-11-14 14:08:00,4.0,2899.0,13.92,208.32,59.98,6.88,432.8
2023-11-14 14:09:00,4.0,2882.0,13.84,208.15,60.0,6.88,431.78
2023-11-14 14:10:00,4.0,2862.0,13.76,208.1,59.98,6.9,430.5
2023-11-14 14:11:00,4.0,2839.6,13.65,208.1,59.99,6.78,431.0
2023-11-14 14:12:00,4.0,2827.83,13.59,208.13,59.96,6.78,429.73
2023-11-14 14:13:00,4.0,2811.0,13.51,208.17,59.96,6.72,429.77
2023-11-14 14:14:00,4.0,2797.17,13.47,207.83,59.97,6.7,429.97
2023-11-14 14:15:00,4.0,2776.0,13.36,207.93,59.98,6.64,430.8
2023-11-14 14:16:00,4.0,2763.17,13.31,207.67,59.98,6.62,430.13
2023-11-14 14:17:00,4.0,2742.5,13.2,207.85,59.98,6.54,432.05
2023-11-14 14:18:00,4.0,2723.0,13.11,207.77,59.99,6.52,428.77
2023-11-14 14:19:00,4.0,2709.0,13.04,207.82,59.97,6.46,431.28
2023-11-14 14:20:00,4.0,2705.33,13.04,207.53,59.97,6.48,430.82
2023-11-14 14:21:00,4.0,2681.83,12.92,207.65,59.96,6.42,432.07
2023-11-14 14:22:00,4.0,2670.0,12.86,207.65,59.96,6.38,432.45
2023-11-14 14:23:00,4.0,2656.5,12.79,207.7,59.97,6.34,431.08
2023-11-14 14:24:00,4.0,2647.0,12.75,207.65,59.98,6.32,432.58
2023-11-14 14:25:00,4.0,2643.0,12.72,207.8,59.98,6.34,434.0
2023-11-14 14:26:00,4.0,2616.2,12.6,207.72,59.97,6.2,433.58
2023-11-14 14:27:00,4.0,2611.5,12.58,207.72,59.96,6.2,432.5
2023-11-14 14:28:00,4.0,2588.0,12.46,207.68,60.0,6.16,433.98
2023-11-14 14:29:00,4.0,2571.0,12.38,207.68,60.0,6.1,433.63
2023-11-14 14:30:00,4.0,2554.67,12.3,207.83,59.99,6.1,433.23
2023-11-14 14:31:00,4.0,2538.0,12.22,207.77,59.98,6.06,432.07
2023-11-14 14:32:00,4.0,2514.5,12.11,207.8,59.99,5.94,434.95
2023-11-14 14:33:00,4.0,2493.5,12.02,207.45,60.0,5.94,435.58
2023-11-14 14:34:00,4.0,2482.0,11.94,207.77,59.98,5.86,434.95
2023-11-14 14:35:00,4.0,2461.5,11.85,207.7,59.98,5.84,435.15
2023-11-14 14:36:00,4.0,2446.5,11.79,207.53,59.98,5.8,436.02
2023-11-14 14:37:00,4.0,2433.33,11.73,207.53,59.98,5.78,435.73
2023-11-14 14:38:00,4.0,2419.17,11.65,207.77,59.98,5.74,435.13
2023-11-14 14:39:00,4.0,2399.83,11.56,207.73,60.0,5.7,435.4
2023-11-14 14:40:00,4.0,2381.83,11.48,207.58,59.98,5.66,435.57
2023-11-14 14:41:00,4.0,2365.17,11.4,207.55,59.97,5.64,435.02
2023-11-14 14:42:00,4.0,2347.67,11.33,207.37,59.98,5.58,435.22
2023-11-14 14:43:00,4.0,2328.83,11.23,207.4,59.97,5.54,434.72
2023-11-14 14:44:00,4.0,2311.83,11.14,207.67,59.96,5.5,434.43
2023-11-14 14:45:00,4.0,2290.5,11.04,207.62,59.97,5.44,435.05
2023-11-14 14:46:00,4.0,2277.67,10.98,207.63,59.97,5.4,435.22
2023-11-14 14:47:00,4.0,2262.0,10.89,207.75,59.98,5.36,435.03
2023-11-14 14:48:00,4.0,2245.67,10.82,207.63,59.98,5.34,434.88
2023-11-14 14:49:00,4.0,2223.67,10.71,207.58,59.97,5.24,438.37
2023-11-14 14:50:00,4.0,2210.83,10.65,207.7,59.97,5.22,436.78
2023-11-14 14:51:00,4.0,2194.5,10.58,207.65,59.96,5.2,436.37
2023-11-14 14:52:00,4.0,2176.83,10.48,207.78,59.96,5.14,437.15
2023-11-14 14:53:00,4.0,2158.33,10.4,207.55,59.96,5.08,438.88
2023-11-14 14:54:00,4.0,2139.67,10.32,207.53,59.97,5.04,436.18
2023-11-14 14:55:00,4.0,2130.0,10.28,207.4,59.99,5.02,435.7
2023-11-14 14:56:00,4.0,2102.8,10.14,207.46,59.98,4.96,438.76
2023-11-14 14:57:00,4.0,2089.33,10.07,207.65,59.97,4.94,436.3
2023-11-14 14:58:00,4.0,2066.17,9.96,207.47,59.97,4.92,435.68
2023-11-14 14:59:00,4.0,2046.67,9.88,207.28,59.97,4.84,437.0
2023-11-14 15:00:00,4.0,2043.0,9.86,207.3,59.97,7.12,430.4
2023-11-14 15:01:00,4.0,2010.0,9.7,207.38,59.97,7.14,426.96
2023-11-14 15:02:00,4.0,1997.67,9.64,207.35,59.96,7.1,428.07
2023-11-14 15:03:00,4.0,1984.33,9.57,207.27,59.96,7.08,429.5
2023-11-14 15:04:00,4.0,1963.17,9.48,207.38,59.97,7.0,432.4
2023-11-14 15:05:00,4.0,1932.17,9.32,207.42,59.97,6.94,432.43
2023-11-14 15:06:00,4.0,1923.33,9.28,207.32,59.97,6.9,433.37
2023-11-14 15:07:00,4.0,1905.0,9.2,207.3,59.99,6.92,434.27
2023-11-14 15:08:00,4.0,1889.0,9.12,207.2,59.99,6.88,432.8
2023-11-14 15:09:00,4.0,1863.67,9.0,207.13,60.0,6.88,431.78
2023-11-14 15:10:00,4.0,1847.17,8.92,207.15,59.99,6.9,430.5
2023-11-14 15:11:00,4.0,1827.0,8.84,206.93,59.96,6.78,431.0
2023-11-14 15:12:00,4.0,1807.5,8.73,207.08,59.96,6.78,429.73
2023-11-14 15:13:00,4.0,1783.5,8.62,207.15,59.98,6.72,429.77
2023-11-14 15:14:00,4.0,1762.67,8.53,206.9,59.98,6.7,429.97
2023-11-14 15:15:00,4.0,1746.5,8.45,206.83,59.98,6.64,430.8
2023-11-14 15:16:00,4.0,1719.5,8.32,206.77,59.99,6.62,430.13
2023-11-14 15:17:00,4.0,1701.67,8.23,207.05,59.97,6.54,432.05
2023-11-14 15:18:00,4.0,1677.83,8.11,206.88,59.98,6.52,428.77
2023-11-14 15:19:00,4.0,1661.17,8.04,206.8,59.96,6.46,431.28
2023-11-14 15:20:00,4.0,1641.17,7.94,206.72,59.96,6.48,430.82
2023-11-14 15:21:00,4.0,1615.33,7.82,206.78,60.0,6.42,432.07
2023-11-14 15:22:00,4.0,1606.5,7.78,206.65,59.99,6.38,432.45
2023-11-14 15:23:00,4.0,1583.0,7.67,206.6,59.98,6.34,431.08
2023-11-14 15:24:00,4.0,1563.0,7.56,206.6,60.0,6.32,432.58
2023-11-14 15:25:00,4.0,1549.5,7.5,206.58,59.97,6.34,434.0
2023-11-14 15:26:00,4.0,1534.83,7.43,206.7,59.96,6.2,433.58
2023-11-14 15:27:00,4.0,1518.67,7.35,206.97,59.98,6.2,432.5
2023-11-14 15:28:00,4.0,1490.17,7.21,206.88,60.01,6.16,433.98
2023-11-14 15:29:00,4.0,1470.0,7.11,206.98,60.02,6.1,433.63
2023-11-14 15:30:00,4.0,1464.0,7.09,206.7,60.01,6.1,433.23
2023-11-14 15:31:00,4.0,1426.4,6.9,206.84,59.99,6.06,432.07
2023-11-14 15:32:00,4.0,1410.0,6.82,206.88,59.98,5.94,434.95
2023-11-14 15:33:00,4.0,1388.33,6.72,206.73,59.98,5.94,435.58
2023-11-14 15:34:00,4.0,1366.5,6.62,206.73,59.96,5.86,434.95
2023-11-14 15:35:00,4.0,1349.0,6.54,206.72,59.96,5.84,435.15
2023-11-14 15:36:00,4.0,1327.33,6.42,206.82,59.96,5.8,436.02
2023-11-14 15:37:00,4.0,1308.17,6.33,206.7,59.96,5.78,435.73
2023-11-14 15:38:00,4.0,1285.5,6.23,206.6,59.96,5.74,435.13
2023-11-14 15:39:00,4.0,1264.5,6.12,206.58,59.96,5.7,435.4
2023-11-14 15:40:00,4.0,1242.67,6.02,206.7,59.96,5.66,435.57
2023-11-14 15:41:00,4.0,1226.33,5.95,206.6,59.96,5.64,435.02
2023-11-14 15:42:00,4.0,1214.33,5.88,206.65,59.96,5.58,435.22
2023-11-14 15:43:00,4.0,1197.33,5.81,206.45,59.98,5.54,434.72
2023-11-14 15:44:00,4.0,1179.0,5.72,206.52,59.97,5.5,434.43
2023-11-14 15:45:00,4.0,1159.67,5.62,206.47,59.96,5.44,435.05
2023-11-14 15:46:00,4.0,1139.5,5.53,206.38,59.96,5.4,435.22
2023-11-14 15:47:00,4.0,1119.0,5.43,206.43,59.96,5.36,435.03
2023-11-14 15:48:00,4.0,1097.67,5.33,206.33,59.96,5.34,434.88
2023-11-14 15:49:00,4.0,1078.5,5.23,206.28,59.96,5.24,438.37
2023-11-14 15:50:00,4.0,1058.0,5.14,206.15,59.96,5.22,436.78
2023-11-14 15:51:00,4.0,1041.67,5.06,205.77,59.96,5.2,436.37
2023-11-14 15:52:00,4.0,1019.17,4.96,206.03,59.99,5.14,437.15
2023-11-14 15:53:00,4.0,999.5,4.86,206.15,60.0,5.08,438.88
2023-11-14 15:54:00,4.0,980.33,4.76,206.03,59.97,5.04,436.18
2023-11-14 15:55:00,4.0,969.0,4.71,206.1,59.96,5.02,435.7
2023-11-14 15:56:00,4.0,937.2,4.56,205.92,59.97,4.96,438.76
2023-11-14 15:57:00,4.0,917.67,4.46,206.15,59.98,4.94,436.3
2023-11-14 15:58:00,4.0,899.67,4.37,206.5,59.98,4.92,435.68
2023-11-14 15:59:00,4.0,879.0,4.26,206.82,59.99,4.84,437.0
2023-11-14 16:00:00,4.0,857.67,4.16,206.77,59.99,2.04,445.17
2023-11-14 16:01:00,4.0,836.83,4.06,206.67,59.96,1.98,445.3
2023-11-14 16:02:00,4.0,818.83,3.97,206.77,59.95,1.94,444.47
2023-11-14 16:03:00,4.0,796.5,3.87,206.57,59.95,1.9,445.6
2023-11-14 16:04:00,4.0,780.67,3.78,206.75,59.95,1.84,444.32
2023-11-14 16:05:00,4.0,766.5,3.72,206.65,59.95,1.82,444.55
2023-11-14 16:06:00,4.0,740.75,3.6,206.52,59.96,1.76,444.25
2023-11-14 16:07:00,4.0,724.5,3.52,206.63,59.97,1.72,444.7
2023-11-14 16:08:00,4.0,703.5,3.42,206.48,59.98,1.68,444.4
2023-11-14 16:09:00,4.0,685.17,3.33,206.3,60.0,1.64,443.62
2023-11-14 16:10:00,4.0,678.0,3.3,206.4,60.0,1.62,442.1
2023-11-14 16:11:00,4.0,646.2,3.14,206.18,59.98,1.56,444.12
2023-11-14 16:12:00,4.0,630.67,3.07,206.38,59.96,1.52,442.75
2023-11-14 16:13:00,4.0,614.17,2.98,206.53,59.96,1.48,441.27
2023-11-14 16:14:00,4.0,593.83,2.88,206.73,59.97,1.44,442.13
2023-11-14 16:15:00,4.0,577.0,2.8,206.82,59.96,1.4,442.93
2023-11-14 16:16:00,4.0,562.0,2.73,206.7,59.97,1.36,441.6
2023-11-14 16:17:00,4.0,544.17,2.64,206.67,59.99,1.32,442.03
2023-11-14 16:18:00,4.0,527.5,2.56,206.73,60.0,1.28,442.8
2023-11-14 16:19:00,4.0,513.17,2.49,207.0,60.0,1.26,441.17
2023-11-14 16:20:00,4.0,497.5,2.41,207.02,60.0,1.22,439.52
2023-11-14 16:21:00,4.0,481.0,2.34,206.87,59.98,1.18,441.4
2023-11-14 16:22:00,4.0,467.0,2.26,206.85,59.98,1.14,438.82
2023-11-14 16:23:00,4.0,451.67,2.19,206.83,59.99,1.1,440.57
2023-11-14 16:24:00,4.0,437.5,2.12,206.93,60.01,1.08,439.63
2023-11-14 16:25:00,4.0,422.83,2.05,206.9,59.98,1.04,436.72
2023-11-14 16:26:00,4.0,406.5,1.98,206.48,59.97,1.0,439.83
